name,birthyear,birthdate,deathyear
Syed_Abdul_Hakim,1874,,1944
Moses_ibn_Ezra,1055,,1138
Francisco_Sanches,1550,,1623
Sibawayh,0760,,0796
Solomon_ibn_Gabirol,1021,,1058
Abu_Yusuf,0113,,0798
Sufyan_al-Thawri,0716,,0161
George_Ripley_(alchemist),1415,,1490
Euthymius_of_Athos,0955,,1024
Adam_of_Dryburgh,1140,,1212
Ioane_Petritsi,0011,,0012
Crates_of_Thebes,-365,,-285
Apollonius_of_Tyana,-003,,0100
Laozi,0006,,0005
Stilpo,-360,,-280
Abu_Jafar_al-Tahawi,0853,,0933
Yahya_ibn_Ma'in,0158,,0233
Ali_ibn_Ahmad_al-Samhudi,0844,,1505
Ali_ibn_Ahmad_al-Samhudi,0844,,1505
Albertus_Magnus__Albert_the_Great__1,1200,,1280
Bonaventure__Bonaventure__1,1221,,1274
Euclid_of_Megara,-435,,-365
Pherecydes_of_Syros,-580,,-520
Richard_Cantillon,1680,,1734
Haji_Dost_Muhammad_Qandhari,1216,,1868
‘Abd_ar-Razzaq_as-San‘ani,0126,,0211
Muhammad_Usman_Damani,1244,,1897
Mahdi_Amel,1936,,1987
Ata_ibn_Abi_Rabah,0033,,0114
Ibn_Abi_Asim,0206,,0900
Ibn_Abi_Asim,0206,,0900
Philo,-025,,0050
Hipparchia_of_Maroneia,-350,,-280
Kalanos,-398,,-323
Wahb_ibn_Munabbih,,,0725
Ibn_Jurayj,,,0150
Al-Hasan_ibn_'Ali_al-Barbahari,,,0941
Al-Hasan_ibn_'Ali_al-Barbahari,,,0941
Ubay_ibn_Ka'b,,,0649
Atiyya_ibn_Sa'd,,,0729
Atiyya_ibn_Sa'd,,,0729
Abd-Allah_ibn_Numayr,,,0814
Abd-Allah_ibn_Numayr,,,0814
Abd_al-Hamid_al-Katib,,,0749
Abu_Bakr_al-Sajistani,,,0941
Abu_Bakr_al-Sajistani,,,0941
Ali_al-Qari,,,1605
Ali_al-Qari,,,1605
Maulana_Abdul_Haleem_Faizabadi,,,1999
Bawa_Muhaiyaddeen,,,1986
Abul_A'la_Maududi,,,1979
Qadi_Thanaullah_Panipati,,,1225
Abu_Muslim_al-Khawlani,,,0684
Charles_Guignon,1944,,
Pāṇini,0004,,
Agnodice,0004,,
Kumārila_Bhaṭṭa,0700,,
Philip_Lindholm,0010,,
Kanada_(philosopher),0002,,
Wang_Keping_(academic),1955,,
Aenesidemus,0001,,
Ismail_ibn_Musa_Menk,,,
Daniel_Hutto,,,
Ghislain_Deslandes,,,
Mari_Ruti,,,
Paul_Redding,,,
Richard_Grandy,,,
Santiago_Zabala,,,
John_O'Neill_(philosopher),,,
Melissus_of_Samos,,,
Zar_Wali_Khan,,,
Georg_Stenger,,,
Frances_Kamm,,,
John_Lachs,,,
Michael_Tye_(philosopher),,,
Jeremy_Shearmur,,,
Robert_A._Vitas,,,
Tomoko_Masuzawa,,,
Tawus_ibn_Kaysan,,,
Mahmoud_Khatami,,,
Ruth_Macklin,,,
James_R_Payton_Jr.,,,
Lydia_Goehr,,,
Amy_Allen_(philosopher),,,
Diego_Bubbio,,,
Gary_Gutting,,,
Rosalyn_Diprose,,,
Vanessa_Lemm,,,
Averroism,,,
James_Kurth,,,
Al-Isfahani,,,
Al-Raghib_al-Isfahani,,,
Nathan_Widder,,,
William_Desmond_(philosopher),,,
Reza_Negarestani,,,
Hilary_Lawson,,,
Robin_Collins,,,
Heinrich_Rombach,,,
Eric_T._Olson_(philosopher),,,
Susan_Buck-Morss,,,
Asclepiodotus_of_Alexandria,,,
Jennifer_Whiting,,,
Joshua_Knobe,,,
Patricia_Greenspan,,,
Chris_Cuomo_(philosopher),,,
Iain_Hamilton_Grant,,,
Ahmad_ibn_Muhammad_al-Tha'labi,,,
Barbara_F._Walter,,,
Alexander_R._Galloway,,,
David_Pearce_(philosopher),,,
Geoffrey_Scarre,,,
Wolfi_Landstreicher,,,
Bishnois,,,
Donniel_Hartman,,,
Kathryn_Gines,,,
Louise_Antony,,,
Brian_J._Mistler,,,
Debra_Satz,,,
James_Fieser,,,
Sally_Scholz,,,
Penelope_Deutscher,,,
Sally_Sedgwick,,,
William_Crathorn,,,
Susanna_Siegel,,,
Ruth_Chang,,,
Muhsin_al-Hakim,,,
"Harlan_Ellison__Edgar_Allan_Poe,_Theodore_Sturgeon,_Franz_Kafka,_J__1",,,
"John_Henry_Newman__%22Dr_Newman%22,_%22Cardinal_Newman%22__1",,,
"Martin_Gardner__Plato,_Kant,_G._K._Chesterton,_William_James,_Char__1",,,
Joseph_Butler__Western_Philosophy__1,,,
Michel_Aflaq__4,,,
Nikolas_Kompridis,,,
Lorraine_Smith_Pangle,,,
Steven_P._Scalet,,,
Gila_Sher,,,
Jonathan_Lear,,,
Tony_Fry,,,
Anita_Superson,,,
Jaimini,,,
Carl_Raschke,,,
Tina_Fernandes_Botts,,,
Mary_G._Dietz,,,
Margaret_Urban_Walker,,,
Michael_Selgelid,,,
Randall_Schweller,,,
Stephen_Law,,,
Levi_Bryant,,,
Jalaluddin_Umri,,,
Lewis_Call,,,
Jennifer_Lackey,,,
Ann_Cudd,,,
Miriam_Solomon,,,
Nicholas_Burbules,,,
Alison_Wylie,,,
John_Hawthorne,,,
Sharon_Lloyd,,,
Nancy_Snow,,,
Steve_Awodey,,,
Michael_P._Lynch,,,
Ebrahim_Desai,,,
Dominic_of_Flanders,1425,,1479
Anaxagoras,-510,,-428
Anaximander,-610,,-546
Anaximenes_of_Miletus,-585,,-528
Aristotle,-384,,-322
Chrysippus,-279,,-206
Lucretius,-099,,-055
Athenodorus_Cananites,-074,,0007
Strato_of_Lampsacus,-335,,-269
Gaius_Musonius_Rufus,0020,,0101
Abd_al-Rahman_al-Kawakibi,1855,,1902
David_the_Invincible,0006,,0006
Diogenes_of_Sinope,-412,,-323
Zeno_of_Sidon,-150,,-075
Mirza_Mazhar_Jan-e-Janaan,0011,,0010
Burhan_al-Din_al-Marghinani,0008,,0014
Jiva_Goswami,1513,,1598
Ibn_Dihya_al-Kalby,1150,,1235
Walter_of_Bruges,1227,,1307
Ibn_Abd_al-Hadi,0705,,0744
Imam_Muhammad_Anwaarullah_Farooqui,0004,,0029
Khalil_ibn_Ishaq_al-Jundi,,,1365
Hammam_ibn_Munabbih,,,0750
Hammam_ibn_Munabbih,,,0750
Abu_Hilal_al-Askari,,,1005
Abu_Hilal_al-Askari,,,1005
Hazrat_Babajan,,,1931
Fazal_Ali_Qureshi,,,1935
Sayyad_Laal_Shah_Hamdani,,,1896
Bannanje_Govindacharya,0003,,
Ghulam_Rasool_Jamaati,1923,,
Jayanta_Bhatta,0009,,
Cleopatra_the_Alchemist,0003,,
Ali_Akbar_Rashad,1955,,
Richard_J._F._Day,1964,,
Mark_Addis,1959,,
Jan_Boxill,1939,,
Shabir_Ally,,,
Marc_Ereshefsky,,,
William_MacAskill,,,
Deirdre_Wilson,,,
David_N._Stamos,,,
Marcia_Baron,,,
Jenann_Ismael,,,
Ken_Gemes,,,
David_Blitz,,,
Amélie_Rorty,,,
Stephen_Laurence,,,
Amjad_Jauhari,,,
Alison_McIntyre,,,
Seana_Shiffrin,,,
Elisabeth_Camp,,,
Pamela_Hieronymi,,,
Cristina_Bicchieri,,,
Ron_Polansky,,,
Kwak_Jun-hyeok,,,
Gary_Winkel,,,
Bradley_Dowden,,,
Donald_Palmer,,,
Naomi_Zack,,,
Gerald_O'Collins,,,
Dan_Goldstick,,,
Ka'ab_al-Ahbar,,,
David_M._Rosenthal_(philosopher),,,
Abas_(sophist),,,
Abu-Abdullah_Adelabu,,,
Eugene_Thacker,,,
Harry_Brighouse,,,
Duncan_McCargo,,,
James_P._Carse,,,
David_Estlund,,,
Gail_Fine,,,
Rupert_Read__Rupert_Read__1,,,
Ewa_Ziarek,,,
Hillel_Steiner,,,
Naomi_Scheman,,,
Nancy_Sherman,,,
Simon_Lumsden,,,
Ahmad_Vaezi,,,
James_Andrew_Phillips,,,
Nomy_Arpaly,,,
Peggy_DesAutels,,,
Ritu_Birla,,,
Eva_Kittay,,,
Graeme_Nicholson,,,
Valerie_Tiberius,,,
Ofelia_Schutte,,,
Alia_Al-Saji,,,
Carrie_Figdor,,,
Teresa_Blankmeyer_Burke,,,
Mary_Kate_McGowan,,,
Parvis_Emad,,,
Alison_Wray,,,
Holly_Martin_Smith,,,
Jessica_Wilson,,,
Peg_Birmingham,,,
Alison_Jaggar,,,
Helen_Beebee,,,
Bruce_Hoffman,,,
François_Noudelmann,,,
Frances_Egan,,,
Lynne_Tirrell,,,
Susan_Brison,,,
Joan_Callahan,,,
Noëlle_McAfee,,,
Sean_Dorrance_Kelly,,,
Susanne_Sreedhar,,,
Muhammad_Idrees_Dahiri,,,
James_Garson,,,
Sally_Haslanger,,,
Philip_Novak,,,
Carla_Fehr,,,
Henry_S._Richardson_(philosopher),,,
Matthew_Pratt_Guterl,,,
Jason_Brennan,,,
Ann_Garry,,,
Georgia_Warnke,,,
Juliet_Floyd,,,
Carrie_Ichikawa_Jenkins,,,
Mary_Louise_Gill,,,
Leucippus,0005,0005,0005
Pseudo-Dionysius_the_Areopagite,0005,0005,0006
Pseudo-Dionysius_the_Areopagite,0005,0005,0006
Roberta_Klatzky,1947,1947-01-06,
Roberta_Klatzky,1947,1947-01-06,
Homer,0008,0008,
Duran_Çetin,1964,1964-02-15,
Duran_Çetin,1964,1964-02-15,
Douglas_Kutach,1979,1979-11-25,
Douglas_Kutach,1979,1979-11-25,
Zenon_Pylyshyn,0025,0025,
Epictetus,0055,0055,0135
Sextus_Empiricus,0160,0160,0210
Plotinus,0204,0204,0270
Theognostus_of_Alexandria,0210,0210,0270
Porphyry_(philosopher),0234,0234,0305
Iamblichus,0245,0245,0325
Hypatia,0351,0351,0415
Proclus,0412,0412-02-08,0487
Proclus,0412,0412-02-08,0487
Proclus,0412,0412-02-08,0487
Proclus,0412,0412-02-08,0487
Boethius,0480,0480,0524
Antarah_ibn_Shaddad,0525,0525,0608
Mujahid_ibn_Jabr,0642,0642,0722
Sa'id_ibn_Jubayr,0665,0665,0714
Sa'id_ibn_Jubayr,0665,0665,0714
Hisham_ibn_Urwah,0667,0667,0772
Muhammad_al-Shaybani,0749,0749,0805
Al-Jahiz,0776,0776,0868
Ali_ibn_al-Madini,0778,0778,0849
Ali_ibn_al-Madini,0778,0778,0849
Ali_ibn_al-Madini,0778,0778,0849
Ali_ibn_al-Madini,0778,0778,0849
Al-Kindi,0801,0801,0873
Bayazid_Bastami,0804,0804,0874
Johannes_Scotus_Eriugena,0815,0815,0877
Dawud_al-Zahiri,0815,0815,0883
Abu_Zayd_al-Balkhi,0850,0850,0934
Muhammad_ibn_Zakariya_al-Razi,0854,0854,0932
Muhammad_ibn_Zakariya_al-Razi,0854,0854,0932
Al-Mutanabbi,0915,0915,0965
Ibn_Battah,0916,0916,0997
Ibn_Battah,0916,0916,0997
Ibn_Battah,0916,0916,0997
Ibn_Battah,0916,0916,0997
Al-Maʿarri,0973,0973,1057
Mu'ayyad_fi'l-Din_al-Shirazi,1000,1000,1078
Zhou_Dunyi,1017,1017,1073
Cheng_Yi_(philosopher),1033,1033,1107
Omar_Khayyám,1048,1048-05-18,1131
Judah_Halevi,1075,1075,1141
Peter_Abelard,1079,1079,1142
Khoja_Akhmet_Yassawi,1103,1103,1166
Khoja_Akhmet_Yassawi,1103,1103,1166
Ibn_Maḍāʾ,1120,1120,1196
Ibn_Maḍāʾ,1120,1120,1196
Ibn_Maḍāʾ,1120,1120,1196
Ibn_Maḍāʾ,1120,1120,1196
Averroes,1126,1126-04-14,1198
Zhu_Xi,1130,1130-10-18,1200
Maimonides,1137,1137,1204
Maimonides,1137,1137,1204
Moinuddin_Chishti,1141,1141,1236
Moinuddin_Chishti,1141,1141,1236
Ibn_Arabi,1165,1165-07-28,1240
Ibn_Arabi,1165,1165-07-28,1240
Saadi_Shirazi,1210,1184,1291
Saadi_Shirazi,1210,1184,1291
Nahmanides,1194,1194,1270
Abu_Bakr_Ibn_Sayyid_al-Nās,1200,1200,1261
Bar_Hebraeus,1226,1226,1286
Yusuf_ibn_Abd_al-Rahman_al-Mizzi,2014,1256,1342
Yusuf_ibn_Abd_al-Rahman_al-Mizzi,2014,1256,1342
Yusuf_ibn_Abd_al-Rahman_al-Mizzi,2014,1256,1342
Yusuf_ibn_Abd_al-Rahman_al-Mizzi,2014,1256,1342
Kamāl_al-Dīn_al-Fārisī,1265,1260,1318
Kamāl_al-Dīn_al-Fārisī,1265,1260,1318
Meister_Eckhart,1260,1260,1328
Meister_Eckhart,1260,1260,1328
Duns_Scotus,1266,1266,1308
Fatḥ_al-Din_Ibn_Sayyid_al-Nās,1272,1272,1334
Abu'l-Fida,1273,1273,1331
Al-Dhahabi,1274,1274,1348
Al-Dhahabi,1274,1274,1348
Al-Dhahabi,1274,1274,1348
Al-Dhahabi,1274,1274,1348
William_of_Ockham,1287,1287,1347
William_of_Ockham,1287,1287,1347
Abd_al-Husayn_Sharaf_al-Din_al-Musawi,1872,1290,1957
Abd_al-Husayn_Sharaf_al-Din_al-Musawi,1872,1290,1957
Abd_al-Husayn_Sharaf_al-Din_al-Musawi,1872,1290,1957
Abd_al-Husayn_Sharaf_al-Din_al-Musawi,1872,1290,1957
Sayyid_Haydar_Amuli,1319,1319,1385
John_Wycliffe,1331,1320,1384
John_Wycliffe,1331,1320,1384
Nicole_Oresme,1323,1323,1382
Ibn_Abi_al-Izz,1331,1331,1390
Ibn_Rajab,1335,1335,1393
Ibn_Rajab,1335,1335,1393
Ibn_Rajab,1335,1335,1393
Ibn_Rajab,1335,1335,1393
Gemistus_Pletho,1355,1355,1452
Jan_Hus,1369,1369,1415
Ibn_Hajar_al-Asqalani,1372,1372-02-18,1449
Petr_Chelčický,1390,1390,1460
Nicholas_of_Cusa,1401,1401,1464
Muhammad_ibn_Khwand,1433,1433,1498
Johann_Reuchlin,1455,1455-02-22,1522
Johann_Reuchlin,1455,1455-02-22,1522
Giovanni_Pico_della_Mirandola,1463,1463-02-24,1494
Desiderius_Erasmus,1466,1466-10-28,1536
John_Colet,1467,1467-01-15,1519
Guillaume_Budé,1467,1467-01-26,1540
Niccolò_Machiavelli,1469,1469-05-03,1527
Muhammad_Khwandamir,1475,1475,1534
Juan_Luis_Vives,1493,1493-03-06,1540
Paracelsus,1493,1493-12-17,1541
Paracelsus,1493,1493-12-17,1541
Jakob_Schegk,1511,1511-06-06,1587
Gusainji,1516,1516,
Jean_Bodin,1530,1530,1596
Étienne_de_La_Boétie,1530,1530-11-01,1563
Michel_de_Montaigne,1533,1533-02-28,1592
Pierre_Charron,1541,1541,1603
Giordano_Bruno,1548,1548,1600
Francisco_Suárez,1548,1548-01-05,1617
Camillo_Baldi,1550,1550,1637
Cesare_Cremonini_(philosopher),1550,1550-12-22,1631
Abdul-Haqq_Dehlavi,1551,1551,1642
Otto_Casmann,1562,1562,1607
Ahmad_Sirhindi,1564,1564-06-26,1624
Ahmad_Sirhindi,1564,1564-06-26,1624
Mulla_Sadra,1571,1571,1640
Ioannis_Kottounios,1577,1572,1658
Ioannis_Kottounios,1577,1572,1658
Ioannis_Kottounios,1577,1572,1658
Ioannis_Kottounios,1577,1572,1658
Jakob_Böhme,1575,1575,1624
Thomas_Flanginis,1578,1578,1648
Hugo_Grotius,1583,1583-04-10,1645
John_Selden,1584,1584-12-16,1654
Lucilio_Vanini,1585,1585,1619
Thomas_Hobbes,1588,1588-04-05,1679
Pierre_Gassendi,1592,1592-01-22,1655
René_Descartes,1596,1596-03-31,1650
Franciscus_van_den_Enden,1602,1602-02-05,1674
Abd-al-Baqi_al-Zurqani,1611,1611,1688
Abd-al-Baqi_al-Zurqani,1611,1611,1688
Abd-al-Baqi_al-Zurqani,1611,1611,1688
Abd-al-Baqi_al-Zurqani,1611,1611,1688
Yamazaki_Ansai,1619,1619-01-24,1682
Algernon_Sidney,1623,1623-01-15,1683
William_Petty,1623,1623-05-27,1687
William_Petty,1623,1623-05-27,1687
Blaise_Pascal,1623,1623-06-19,1662
Antoine_Le_Grand,1629,1629,1699
John_Locke,1632,1632-08-29,1704
Baruch_Spinoza,1632,1632-11-24,1677
Nicolas_Malebranche,1638,1638-08-06,1715
Muhammad_al-Zurqani,1645,1645,1710
Elena_Cornaro_Piscopia,1646,1646-06-05,1684
Gottfried_Wilhelm_Leibniz,1646,1646-07-01,1716
Pierre_Bayle,1647,1647-11-18,1706
Damaris_Cudworth_Masham,1659,1659-01-18,1708
William_Wollaston,1659,1659-03-26,1724
Gabriel_Wagner,1660,1660,1717
Bernard_Mandeville,1670,1670-11-15,1733
John_Toland,1670,1670-11-30,1722
Yves_Marie_André,1675,1675-05-22,1764
Anthony_Collins,1676,1676-06-21,1729
Christian_Wolff_(philosopher),1679,1679-01-24,1754
George_Berkeley,1685,1685-03-12,1753
Montesquieu,1689,1689-01-18,1755
Francis_Hutcheson_(philosopher),1694,1694-08-08,1746
David_Hartley_(philosopher),1705,1705-08-30,1757
David_Hartley_(philosopher),1705,1705-08-30,1757
Julien_Offray_de_La_Mettrie,1709,1709-11-23,1751
Thomas_Reid,1710,1710-04-26,1796
David_Hume,1711,1711-04-26,1776
David_Hume,1711,1711-04-26,1776
Jean-Jacques_Rousseau,1712,1712-06-28,1778
Denis_Diderot,1713,1713-10-05,1784
Emer_de_Vattel,1714,1714-04-25,1767
Alexander_Gottlieb_Baumgarten,1714,1714-07-17,1762
Étienne_Bonnot_de_Condillac,1714,1714-09-30,1780
Claude_Adrien_Helvétius,1715,1715-02-26,1771
Claude_Adrien_Helvétius,1715,1715-02-26,1771
William_Cleghorn,1719,1719-05-08,1754
George_Campbell_(minister),1719,1719-12-25,1796
Miura_Baien,1723,1723,1789
David_Ruhnken,1723,1723-01-02,1798
Adam_Smith,1723,1723-06-16,1790
Adam_Ferguson,1723,1723-06-20,1816
Baron_d'Holbach,1723,1723-12-08,1789
Immanuel_Kant,1724,1724-04-22,1804
Edmund_Burke,1729,1729-01-12,1797
Anders_Chydenius,1729,1729-02-26,1803
Moses_Mendelssohn,1729,1729-09-06,1786
Johann_Georg_Hamann,1730,1730-08-27,1788
Hong_Dae-yong,1731,1731-05-12,1783
Johannes_Nikolaus_Tetens,1736,1736-09-16,1807
Park_Ji-won,1737,1737-03-05,1836
Park_Ji-won,1737,1737-03-05,1836
Thomas_Paine,1737,1737-02-09,1809
Thomas_Paine,1737,1737-02-09,1809
Park_Ji-won,1737,1737-03-05,1836
Park_Ji-won,1737,1737-03-05,1836
Sachal_Sarmast,1739,1739,1829
Marquis_de_Sade,1740,1740-06-02,1814
John_Cartwright_(political_reformer),1740,1740-09-17,1824
Christian_Garve,1742,1742-01-07,1798
Ghulam_Ali_Dihlawi,1743,1743,1824
Ghulam_Ali_Dihlawi,1743,1743,1824
Friedrich_Heinrich_Jacobi,1743,1743-01-25,1819
Johann_Gottfried_Herder,1744,1744-08-25,1803
Shah_Abdul_Aziz,1745,1745,1823
Johann_Heinrich_Pestalozzi,1746,1746-01-12,1827
Adam_Weishaupt,1748,1748-02-07,1830
Adam_Weishaupt,1748,1748-02-07,1830
Jeremy_Bentham,1748,1748-02-15,1832
Adamantios_Korais,1748,1748-04-27,1833
Joseph_de_Maistre,1753,1753-04-01,1821
Christian_Jakob_Kraus,1753,1753-07-27,1807
Louis_Gabriel_Ambroise_de_Bonald,1754,1754-10-02,1840
Salomon_Maimon,1754,1754,1800
Salomon_Maimon,1754,1754,1800
Louis_Gabriel_Ambroise_de_Bonald,1754,1754-10-02,1840
Rigas_Feraios,1757,1757,1798
Karl_Leonhard_Reinhold,1757,1757-10-26,1823
"Claude_Henri_de_Rouvroy,_comte_de_Saint-Simon",1760,1760-10-17,1825
Johann_Gottlieb_Fichte,1762,1762-05-19,1814
Maine_de_Biran,1766,1766-11-29,1824
Wilhelm_von_Humboldt,1767,1767-06-22,1835
Francois-Joseph_Servois,1767,1767-07-19,1847
Francois-Joseph_Servois,1767,1767-07-19,1847
Karl_Ludwig_von_Haller,1768,1768-08-01,1854
Friedrich_Schleiermacher,1768,1768-11-21,1834
Georg_Wilhelm_Friedrich_Hegel,1770,1770-08-27,1831
Charles_Fourier,1772,1772-04-07,1837
James_Mill,1773,1773-04-08,1836
James_Mill,1773,1773-04-08,1836
William_Thompson_(philosopher),1775,1775-06-30,1883
William_Thompson_(philosopher),1775,1775-06-30,1883
Yu_Zhengxie,1775,1775,1840
Friedrich_Wilhelm_Joseph_Schelling,1775,1775-01-27,1854
William_Thompson_(philosopher),1775,1775-06-30,1883
William_Thompson_(philosopher),1775,1775-06-30,1883
Johann_Friedrich_Herbart,1776,1776-05-04,1841
Friedrich_Carl_von_Savigny,1779,1779-02-21,1861
Bernard_Bolzano,1781,1781-10-05,1848
Friedrich_Fröbel,1782,1782-04-21,1852
Theoklitos_Farmakidis,1784,1784-01-15,1860
Theophilos_Kairis,1784,1784-10-19,1853
Arthur_Schopenhauer,1788,1788-02-22,1860
"Sir_William_Hamilton,_9th_Baronet",1788,1788-03-08,1856
John_Austin_(legal_philosopher),1790,1790-03-03,1859
Samuel_Bailey,1791,1791-07-05,1870
Franz_Bopp,1791,1791-09-14,1867
Ernst_Christian_Gottlieb_Reinhold,1793,1793-10-18,1855
Immanuel_Hermann_Fichte,1796,1796-07-18,1879
Josiah_Warren,1798,1798,1874
Auguste_Comte,1798,1798-01-19,1857
Giacomo_Leopardi,1798,1798-06-29,1837
Rudolf_Sutermeister,1802,1802-05-07,1868
Rudolf_Sutermeister,1802,1802-05-07,1868
Friedrich_Adolf_Trendelenburg,1802,1802-11-30,1872
Ralph_Waldo_Emerson,1803,1803-05-25,1882
Ludwig_Feuerbach,1804,1804-07-28,1872
James_Martineau,1805,1805-04-21,1900
Giuseppe_Mazzini,1805,1805-06-22,1872
Alexis_de_Tocqueville,1805,1805-07-29,1859
Hermann_Ulrici,1806,1806-03-23,1884
John_Stuart_Mill,1806,1806-05-20,1873
Max_Stirner,1806,1806-10-25,1856
José_de_Espronceda,1808,1808-03-25,1842
Johann_Gustav_Droysen,1808,1808-07-06,1884
Victor_Prosper_Considerant,1808,1808-10-12,1893
Pierre-Joseph_Proudhon,1809,1809-01-15,1865
Bruno_Bauer,1809,1809-09-06,1882
Louis_Blanc,1811,1811-10-29,1882
Alexander_Herzen,1812,1812-04-06,1870
Adolph_Peter_Adler,1812,1812-08-29,1869
Søren_Kierkegaard,1813,1813-05-05,1855
Félix_Ravaisson-Mollien,1813,1813-10-23,1900
Petar_II_Petrović-Njegoš,1813,1813-11-13,1851
Jules_Lequier,1814,1814-01-30,1862
Mikhail_Bakunin,1814,1814-05-30,1876
Charles_Bernard_Renouvier,1815,1815-01-01,1903
Antoine_Blanc_de_Saint-Bonnet,1815,1815-01-28,1880
George_Boole,1815,1815-11-02,1864
Bertrando_Spaventa,1817,1817-06-26,1883
Hermann_Lotze,1817,1817-05-21,1881
Bertrando_Spaventa,1817,1817-06-26,1883
Henry_David_Thoreau,1817,1817-07-12,1862
Syed_Ahmad_Khan,1817,1817-10-17,1898
Karl_Marx,1818,1818-05-05,1883
Rudolf_von_Jhering,1818,1818-08-22,1892
Herbert_Spencer,1820,1820-04-27,1903
Friedrich_Engels,1820,1820-11-28,1895
August_Schleicher,1821,1821-02-19,1868
Ernest_Renan,1823,1823-02-28,1892
Pyotr_Lavrov,1823,1823-06-14,1900
Kuno_Fischer,1824,1824-07-23,1907
Jyotirao_Phule,1827,1827-04-11,1890
Friedrich_Albert_Lange,1828,1828-09-28,1875
Joseph_Dietzgen,1828,1828-12-09,1888
Joseph_Dietzgen,1828,1828-12-09,1888
Nikolai_Fyodorovich_Fyodorov,1829,1829-06-09,1903
Christoph_von_Sigwart,1830,1830-03-28,1904
Michel_Bréal,1832,1832-03-26,1915
Muhammad_Qasim_Nanotvi,1833,1833,1880
Vasile_Pogor,1833,1833-08-20,1906
Wilhelm_Dilthey,1833,1833-11-19,1911
Thomas_Hill_Green,1836,1836-04-07,1882
Francis_Ellingwood_Abbot,1836,1836-11-06,1903
"Victoria,_Lady_Welby",1837,1837-04-27,1912
African_Spir,1837,1837-11-15,1890
African_Spir,1837,1837-11-15,1890
Franz_Brentano,1838,1838-01-16,1917
Henry_Sidgwick,1838,1838-05-31,1900
August_Leskien,1840,1840-07-08,1916
George_Sylvester_Morris,1840,1840-11-15,1889
Philipp_Mainländer,1841,1841-10-05,1876
William_E._Blackstone,1841,1841-10-06,1935
William_James,1842,1842-01-11,1910
Josef_Breuer,1842,1842-01-15,1925
Karl_Robert_Eduard_von_Hartmann,1842,1842-02-23,1906
George_Croom_Robertson,1842,1842-03-10,1892
John_Fiske_(philosopher),1842,1842-03-30,1901
Peter_Kropotkin,1842,1842-12-21,1921
Peter_Kropotkin,1842,1842-12-21,1921
Antonio_Labriola,1843,1843-07-02,1904
Richard_Avenarius,1843,1843-11-19,1896
Friedrich_Nietzsche,1844,1844-10-15,1900
Jan_Baudouin_de_Courtenay,1845,1845-03-13,1929
Émile_Boutroux,1845,1845-07-28,1921
Rudolf_Christoph_Eucken,1846,1846-01-05,1926
F._H._Bradley,1846,1846-01-30,1924
Svetozar_Marković,1846,1846-09-21,1875
Svetozar_Marković,1846,1846-09-21,1875
Georges_Sorel,1847,1847-11-02,1922
Carl_Stumpf,1848,1848-04-21,1936
Wilhelm_Windelband,1848,1848-05-11,1915
Gottlob_Frege,1848,1848-11-08,1925
Syed_Ameer_Ali,1849,1849,1928
Karl_Brugmann,1849,1849-03-16,1919
Paul_Souriau,1852,1852-10-21,1926
Georg_Wenker,1852,1852-01-25,1911
Mitrofan_Lodyzhensky,1852,1852-02-27,1917
Hans_Vaihinger,1852,1852-09-25,1933
Paul_Souriau,1852,1852-10-21,1926
Vladimir_Solovyov_(philosopher),1853,1853-01-28,1900
Alexius_Meinong,1853,1853-07-17,1920
Karl_Kautsky,1854,1854-10-16,1938
Jean-Marie_Guyau,1854,1854-10-28,1888
Josiah_Royce,1855,1855-11-20,1916
Vasily_Rozanov,1856,1856-05-02,1919
A._D._Gordon,1856,1856-06-09,1922
Gajanan_Maharaj,1857,1857,
Shibli_Nomani,1857,1857-06-03,1914
Ferdinand_de_Saussure,1857,1857-11-26,1913
Georg_Simmel,1858,1858-03-01,1918
Gaetano_Mosca,1858,1858-04-01,1941
Samuel_Alexander,1859,1859-01-06,1938
Émile_Meyerson,1859,1859-02-12,1933
Edmund_Husserl,1859,1859-04-08,1938
Lazăr_Șăineanu,1859,1859-04-23,1934
Christian_von_Ehrenfels,1859,1859-06-02,1932
Henri_Bergson,1859,1859-10-18,1941
John_Dewey,1859,1859-10-20,1952
Alejandro_Korn,1860,1860-05-03,1936
Juan_Vázquez_de_Mella,1861,1861-06-08,1928
Tajuddin_Muhammad_Badruddin,1861,1861-01-27,1925
Alfred_North_Whitehead,1861,1861-02-15,1947
Rudolf_Steiner,1861,1861-02-25,1925
William_Bell_Riley,1861,1861-03-22,1929
William_Mitchell_(philosopher),1861,1861-03-27,1962
Juan_Vázquez_de_Mella,1861,1861-06-08,1928
Pierre_Duhem,1861,1861-06-09,1916
Maurice_Blondel,1861,1861-11-02,1949
Han_Ryner,1861,1861-12-07,1938
T._T._Martin,1862,1862,1939
Constantin_Brunner,1862,1862-08-27,1937
Georges_Palante,1862,1862-11-20,1925
George_Herbert_Mead,1863,1863-02-27,1931
Heinrich_Rickert,1863,1863-05-25,1936
George_Santayana,1863,1863-12-16,1952
F._C._S._Schiller,1864,1864-08-16,1937
Charles_Cooley,1864,1864-08-17,1929
Abdulhakim_Arvasi,1865,1865,1943
Tan_Sitong,1865,1865-03-10,1898
Arthur_Drews,1865,1865-11-01,1935
George_Gurdjieff,1866,1866-01-13,1949
Lev_Shestov,1866,1866-02-13,1938
Benedetto_Croce,1866,1866-02-25,1952
Augustyn_Wróblewski,1866,1866-07-20,1913
J._M._E._McTaggart,1866,1866-09-03,1925
James_H._Leuba,1867,1867,1946
Émile_Chartier,1868,1868-03-03,1951
Charles_Maurras,1868,1868-04-20,1952
Harold_Joachim,1868,1868-05-28,1938
Théodore_Eugène_César_Ruyssen,1868,1868-08-11,1967
Edward_Abramowski,1868,1868-08-17,1918
Henri_Bourassa,1868,1868-09-01,1952
Friedrich_Wilhelm_Foerster,1869,1869-06-02,1966
Emma_Goldman,1869,1869-06-27,1940
Léon_Brunschvicg,1869,1869-11-10,1944
Alfred_Edward_Taylor,1869,1869-12-22,1945
Abdul_Haq_(Urdu_scholar),1872,1872-11-16,1961
Abdul_Haq_(Urdu_scholar),1872,1872-11-16,1961
Kitaro_Nishida,1870,1870-05-19,1945
William_Henry_Chamberlin_(philosopher),1870,1870-02-12,1921
Upasni_Maharaj,1870,1870-05-15,1941
Kitaro_Nishida,1870,1870-05-19,1945
Élie_Halévy,1870,1870-09-06,1937
Nikolay_Lossky,1870,1870-12-06,1965
Harold_Arthur_Prichard,1871,1871,1947
Tomonaga_Sanjūrō,1871,1871-03-25,1951
Sergei_Bulgakov,1871,1871-07-28,1944
Ubaidullah_Sindhi,1872,1872-03-10,1944
Émile_Armand,1872,1872-03-26,1963
Émile_Armand,1872,1872-03-26,1963
Bertrand_Russell,1872,1872-05-18,1970
Abdul_Haq_(Urdu_scholar),1872,1872-11-16,1961
Abdul_Haq_(Urdu_scholar),1872,1872-11-16,1961
Rudolf_Eisler,1873,1873-01-07,1926
Max_Adler_(Marxist),1873,1873-01-15,1937
Thomas_Todhunter_Shields,1873,1873-11-01,1955
G._E._Moore,1873,1873-11-04,1958
Nikolai_Berdyaev,1874,1874-03-18,1948
Ernst_Cassirer,1874,1874-07-28,1945
Max_Scheler,1874,1874-08-22,1928
Maulvi_Sher_Ali,1875,1875-11-24,1947
Wilmon_Henry_Sheldon,1875,1875,1981
Hamid_Raza_Khan,1875,1875,1943
John_Roach_Straton,1875,1875-04-06,1929
Ramiro_de_Maeztu,1875,1875-05-14,1936
Ramiro_de_Maeztu,1875,1875-05-14,1936
Giovanni_Gentile,1875,1875-05-30,1944
Emil_Lask,1875,1875-09-25,1915
Maulvi_Sher_Ali,1875,1875-11-24,1947
Muhammad_ibn_al-Habib,1876,1876,1972
Albert_Rivaud,1876,1876-05-14,1955
Ghulam_Bhik_Nairang,1876,1876-09-26,1952
Maurice_Halbwachs,1877,1877-03-11,1945
W._D._Ross,1877,1877-04-15,1971
Muhammad_Iqbal,1877,1877-11-09,1938
Giorgio_Del_Vecchio,1878,1878,1970
Martin_Buber,1878,1878-02-08,1965
Joseph_Maréchal,1878,1878-07-01,1944
Ion_Dragoumis,1878,1878-09-14,1920
Ion_Dragoumis,1878,1878-09-14,1920
Othmar_Spann,1878,1878-10-01,1950
Helena_Roerich,1879,1879-02-12,1955
Husain_Ahmad_Madani,1879,1879-10-06,1957
Sheyda_Gerashi,1879,1879-12-03,1920
Muhammad_Sirajuddin_Naqshbandi,1879,1879-12-30,1915
Otto_Weininger,1880,1880-04-03,1903
Oswald_Spengler,1880,1880-05-29,1936
Victor_Kraft,1880,1880-07-04,1975
Hermann_Graf_Keyserling,1880,1880-07-20,1946
Morris_Raphael_Cohen,1880,1880-07-25,1947
Shin_Chaeho,1880,1880-11-07,1936
Curt_John_Ducasse,1881,1881-07-07,1969
Hans_Kelsen,1881,1881-10-11,1973
Nicolai_Hartmann,1882,1882-02-20,1950
Moritz_Schlick,1882,1882-04-14,1936
Traian_Brăileanu,1882,1882-09-14,1947
Jacques_Maritain,1882,1882-11-18,1973
Otto_Neurath,1882,1882-12-10,1945
Karl_Jaspers,1883,1883-02-23,1969
Clarence_Irving_Lewis,1883,1883-04-12,1964
José_Ortega_y_Gasset,1883,1883-05-09,1955
Louis_Lavelle,1883,1883-07-15,1951
Hassan_Suhrawardy,1884,1884,1946
Hassan_Suhrawardy,1884,1884,1946
Hassan_Suhrawardy,1884,1884,1946
Hassan_Suhrawardy,1884,1884,1946
Muhammad_Mian_Mansoor_Ansari,1884,1884,1946
Étienne_Gilson,1884,1884-06-13,1978
Gaston_Bachelard,1884,1884-06-27,1962
Jun_Tsuji,1884,1884-10-04,1944
György_Lukács,1885,1885-04-13,1971
Eugène_Minkowski,1885,1885-04-17,1972
Narayan_Maharaj,1885,1885-05-20,1945
Wilfred_Talbot_Smith,1885,1885-06-09,1957
Ernst_Bloch,1885,1885-07-08,1977
Susan_Stebbing,1885,1885-12-02,1943
Zechariah_Chafee,1885,1885-12-07,1957
Kurt_Grelling,1886,1886-03-02,1942
Kurt_Koffka,1886,1886-03-18,1941
Karl_Korsch,1886,1886-08-15,1961
René_Guénon,1886,1886-11-15,1951
Franz_Rosenzweig,1886,1886-12-25,1929
Richard_Thomas_Alexander,1887,1887-07-03,1971
C._D._Broad,1887,1887-12-30,1971
Émile_Lasbax,1888,1888,
Shūzō_Kuki,1888,1888-02-15,1941
Carl_Schmitt,1888,1888-07-11,1985
Xavier_Zubiri,1898,1898-12-04,1983
Xavier_Zubiri,1898,1898-12-04,1983
Tetsuro_Watsuji,1889,1889-03-01,1960
Ludwig_Wittgenstein,1889,1889-04-26,1951
Martin_Heidegger,1889,1889-09-26,1976
Gerald_Heard,1889,1889-10-06,1971
Taha_Hussein,1889,1889-11-15,1973
Hans_Lipps,1889,1889-11-22,1941
Abdelhamid_Ben_Badis,1889,1889-12-04,1940
Gabriel_Marcel,1889,1889-12-07,1973
Ernst_Lohmeyer,1890,1890,1946
Renzo_Novatore,1890,1890-05-12,1922
Antonio_Gramsci,1891,1891-01-22,1937
John_Macmurray,1891,1891-02-16,1976
Rudolf_Carnap,1891,1891-05-18,1970
C._E._M._Joad,1891,1891-08-12,1953
Hans_Reichenbach,1891,1891-09-26,1953
Jan_Mukařovský,1891,1891-11-11,1975
Martial_Gueroult,1891,1891-12-15,1976
Hu_Shih,1891,1891-12-17,1962
Georg_Morgenstierne,1892,1892,1978
Muhammad_Faizullah,1892,1892,1976
Muhammad_Husayn_Tabataba'i,1903,1903-03-16,1981
Muhammad_Husayn_Tabataba'i,1903,1903-03-16,1981
Edwin_Arthur_Burtt,1892,1892,1989
Étienne_Souriau,1892,1892-04-26,1979
Walter_Benjamin,1892,1892-07-15,1940
Brand_Blanshard,1892,1892-08-27,1987
Alexandre_Koyré,1892,1892-08-29,1964
Rasheed_Ahmad_Siddiqui,1894,1894,1977
Rasheed_Ahmad_Siddiqui,1894,1894,1977
M._M._Sharif,1893,1893,1965
Roman_Ingarden,1893,1893-02-05,1970
Lucien_Tesnière,1893,1893-05-13,1954
Aleksei_Losev,1893,1893-09-23,1988
John_Anderson_(philosopher),1893,1893-11-01,1962
Rasheed_Ahmad_Siddiqui,1894,1894,1977
Rasheed_Ahmad_Siddiqui,1894,1894,1977
Suzanne_Briet,1894,1894-02-01,1989
Meher_Baba,1894,1894-02-25,1969
José_Carlos_Mariátegui,1894,1894-06-14,1930
E._A._Belyaev,1895,1895,1964
Max_Horkheimer,1895,1895-02-14,1973
Louis_Arnaud_Reid,1895,1895-02-18,1986
Fernando_González_(writer),1895,1895-04-24,1964
Cornelius_Van_Til,1895,1895-05-03,1987
Muhammad_Mustafa_Jauhar,1895,1895-05-10,1985
Ch'ien_Mu,1895,1895-07-30,1990
Mikhail_Bakhtin,1895,1895-11-17,1975
Susanne_Langer,1895,1895-12-20,1985
Roman_Jakobson,1896,1896-10-11,1982
Merle_Curti,1897,1897-09-15,1996
Muhammad_Taqi-ud-Din_al-Hilali,1897,1897,1987
Muhammad_Taqi-ud-Din_al-Hilali,1897,1897,1987
Tan_Malaka,1897,1897-06-02,1949
Charles_Hartshorne,1897,1897-06-05,2000
Norbert_Elias,1897,1897-06-22,1990
Georges_Bataille,1897,1897-09-10,1962
Merle_Curti,1897,1897-09-15,1996
Qalandar_Baba_Auliya,1898,1898,1979
Georges_Dumézil,1898,1898-03-04,1986
Julius_Evola,1898,1898-05-19,1974
Herbert_Marcuse,1898,1898-07-19,1979
Xavier_Zubiri,1898,1898-12-04,1983
Xavier_Zubiri,1898,1898-12-04,1983
Zaki_al-Arsuzi,1899,1899,1968
H._H._Price,1899,1899-05-17,1984
Irena_Krzywicka,1899,1899-05-28,1994
Leo_Strauss,1899,1899-09-20,1973
Abu_al-Qasim_al-Khoei,1899,1899-11-19,1992
Peter_Wessel_Zapffe,1899,1899-12-18,1990
Aldo_Capitini,1899,1899-12-23,1968
Keiji_Nishitani,1900,1900-02-27,1990
Omraam_Mikhaël_Aïvanhov,1900,1900-01-31,1986
Hans-Georg_Gadamer,1900,1900-02-11,2002
Keiji_Nishitani,1900,1900-02-27,1990
Herbert_Blumer,1900,1900-03-07,1987
Erich_Fromm,1900,1900-03-23,1980
Richard_McKeon,1900,1900-04-26,1985
Muhammad_Asad,1900,1900-07-02,1992
Gilbert_Ryle,1900,1900-08-19,1976
Aurel_Kolnai,1900,1900-12-05,1973
Anand_Narain_Mulla,1901,1901,1997
Ledger_Wood,1901,1901-09-04,1970
Eric_Voegelin,1901,1901-01-03,1985
Jacques_Lacan,1901,1901-04-13,1981
Henri_Lefebvre,1901,1901-06-16,1991
Juan_David_García_Bacca,1901,1901-06-26,1995
Nicola_Abbagnano,1901,1901-07-15,1990
Ledger_Wood,1901,1901-09-04,1970
Richard_Aaron,1901,1901-11-06,1987
Ernest_Nagel,1901,1901-11-16,1985
Ernst_Borinski,1901,1901-11-26,1983
Paul_Ludwig_Landsberg,1901,1901-12-03,1944
Michael_Oakeshott,1901,1901-12-11,1990
Xu_Fuguan,1904,1904-01-31,1982
Xu_Fuguan,1904,1904-01-31,1982
Samuel_Martin_Thompson,1902,1902-03-10,1983
John_Daniel_Wild,1902,1902-04-10,1972
Alexandre_Kojève,1902,1902-04-28,1968
Lon_L._Fuller,1902,1902-06-15,1978
S._V._Mir_Ahmed_Ali,1902,1902-07-15,1976
Karl_Popper,1902,1902-07-28,1994
Gordon_Clark,1902,1902-08-31,1985
Sidney_Hook,1902,1902-12-20,1989
Mortimer_J._Adler,1902,1902-12-28,2001
Frank_P._Ramsey,1903,1903-02-22,1930
Muhammad_Husayn_Tabataba'i,1903,1903-03-16,1981
Muhammad_Husayn_Tabataba'i,1903,1903-03-16,1981
Leo_Gross,1903,1903-04-06,1990
Henry_Corbin,1903,1903-04-14,1978
Hans_Jonas,1903,1903-05-10,1993
Jean_Cavaillès,1903,1903-05-15,1944
Rose_Rand,1903,1903-06-14,1980
Vladimir_Jankélévitch,1903,1903-08-31,1985
Gustave_Thibon,1903,1903-09-02,2001
Theodor_W._Adorno,1903,1903-09-11,1969
Bertrand_de_Jouvenel,1903,1903-10-31,1987
Amin_Ahsan_Islahi,1904,1904,1997
Herbert_Spiegelberg,1904,1904-05-18,1990
Xu_Fuguan,1904,1904-01-31,1982
Xu_Fuguan,1904,1904-01-31,1982
Antoun_Saadeh,1904,1904-03-01,1949
Karl_Rahner,1904,1904-03-05,1984
Josef_Pieper,1904,1904-05-04,1997
Herbert_Spiegelberg,1904,1904-05-18,1990
Necip_Fazıl_Kısakürek,1904,1904-05-26,1983
Georges_Canguilhem,1904,1904-06-04,1995
Carl_Gustav_Hempel,1905,1905-01-08,1997
Raymond_Aron,1905,1905-03-14,1983
Paul_Thieme,1905,1905-03-18,2001
Emmanuel_Mounier,1905,1905-05-01,1950
Jean-Paul_Sartre,1905,1905-06-21,1980
Jean_Gebser,1905,1905-08-20,1973
Emmanuel_Levinas,1906,1906-01-12,1995
Nelson_Goodman,1906,1906-08-07,1998
Max_Müller_(Catholic_intellectual),1906,1906-09-06,1994
Hannah_Arendt,1906,1906-10-14,1975
Mário_Ferreira_dos_Santos,1907,1907-01-03,1968
Margaret_MacDonald_(philosopher),1907,1907-04-09,1956
Baltasar_Lopes_da_Silva,1907,1907-04-23,1989
Jan_Patočka,1907,1907-06-01,1977
Felix_S._Cohen,1907,1907-07-03,1953
H._L._A._Hart,1907,1907-07-18,1992
Maurice_Blanchot,1907,1907-09-22,2003
Delfim_Santos,1907,1907-11-06,1966
Hari_Mohan_Jha,1908,1908-09-18,1984
Rasheed_Turabi,1908,1908-07-09,1973
Simone_de_Beauvoir,1908,1908-01-09,1986
Muhammad_Hamidullah,1908,1908-02-09,2002
Hamka,1908,1908-02-17,1981
Errol_Harris,1908,1908-02-19,2009
Maurice_Merleau-Ponty,1908,1908-03-14,1961
Joseph_Owens_(Redemptorist),1908,1908-04-17,2005
Aous_Shakra,1908,1908-04-22,1992
H._B._Acton,1908,1908-06-02,1974
William_Frankena,1908,1908-06-21,1994
Willard_Van_Orman_Quine,1908,1908-06-25,2000
Charles_Stevenson,1908,1908-06-27,1979
Rasheed_Turabi,1908,1908-07-09,1973
Hari_Mohan_Jha,1908,1908-09-18,1984
Claude_Lévi-Strauss,1908,1908-11-28,2009
Milič_Čapek,1909,1909-01-26,1997
Simone_Weil,1909,1909-02-03,1943
Max_Black,1909,1909-02-24,1988
Isaiah_Berlin,1909,1909-06-06,1997
Mou_Zongsan,1909,1909-06-12,1995
Norberto_Bobbio,1909,1909-10-18,2004
Albert_Hofstadter,1910,1910,1989
Raya_Dunayevskaya,1910,1910-05-01,1987
Edward_Shils,1911,1911,1995
Edward_Shils,1911,1911,1995
Augusto_Del_Noce,1910,1910-08-11,1989
A._J._Ayer,1910,1910-10-29,1989
Miguel_Reale,1910,1910-11-06,2006
Edward_Shils,1911,1911,1995
Edward_Shils,1911,1911,1995
Syed_Faiz-ul_Hassan_Shah,1911,1911,1984
Mufti_Amimul_Ehasan,1911,1911-01-24,1975
Mufti_Amimul_Ehasan,1911,1911-01-24,1975
J._L._Austin,1911,1911-03-28,1960
J._L._Austin,1911,1911-03-28,1960
Emil_Cioran,1911,1911-04-08,1995
Milovan_Đilas,1911,1911-06-04,1995
Norman_Malcolm,1911,1911-06-11,1990
Marshall_McLuhan,1911,1911-07-21,1980
Jarava_Lal_Mehta,1912,1912,1988
Jacques_Ellul,1912,1912-01-06,1994
Arne_Næss,1912,1912-01-27,2009
Horst_Matthai_Quelle,1912,1912-01-30,1999
Wilfrid_Sellars,1912,1912-05-20,1989
Northrop_Frye,1912,1912-07-14,1991
Bernard_Delfgaauw,1912,1912-11-24,1993
Iqbal_Azeem,1913,1913,2000
Carl_F._H._Henry,1913,1913-01-22,2003
Paul_Ricœur,1913,1913-02-27,2005
Adam_Schaff,1913,1913-03-10,2006
Paul_Grice,1913,1913-03-13,1988
George_Hourani,1913,1913-06-13,1984
George_Hourani,1913,1913-06-13,1984
Roger_Garaudy,1913,1913-07-17,2012
Norman_O._Brown,1913,1913-09-25,2002
Albert_Camus,1913,1913-11-07,1960
Mary_Ainsworth,1913,1913-12-01,1999
Sarfaraz_Khan_Safdar,1914,1914,2009
Justus_Buchler,1914,1914-03-27,1991
Murtada_Sharif_'Askari,1914,1914-05-14,2007
Teodor_Oizerman,1914,1914-05-14,
Lương_Kim_Định,1914,1914-06-15,1997
Adam_Watson,1914,1914-08-10,2007
John_Passmore,1914,1914-09-09,2004
Stuart_Hampshire,1914,1914-10-01,2004
Edith_Penrose,1914,1914-11-15,1996
Abul_Hasan_Ali_Hasani_Nadwi,1914,1914-11-24,1999
Arthur_Prior,1914,1914-12-04,1969
Alan_Watts,1915,1915-01-06,1973
Tommaso_Palamidessi,1915,1915-02-16,1983
Ahamed_Mohiyudheen_Noorishah_Jeelani,1915,1915-10-08,1990
Roland_Barthes,1915,1915-11-12,1980
James_Bugental,1915,1915-12-25,2008
Colin_Murray_Turbayne,1916,1916-02-07,2006
Sebastian_Shaumyan,1916,1916-02-27,2007
Peter_Geach,1916,1916-03-29,2013
Georg_Henrik_von_Wright,1916,1916-06-14,2003
Emil_Fackenheim,1916,1916-06-22,2003
Roderick_Chisholm,1916,1916-11-27,1999
Abdel_Rahman_Badawi,1917,1917-02-17,2002
Donald_Davidson_(philosopher),1917,1917-03-06,2003
J._L._Mackie,1917,1917-08-25,1981
Maxine_Greene,1917,1917-12-23,2014
Maxine_Greene,1917,1917-12-23,2014
Grigory_Pomerants,1918,1918-03-13,2013
Louis_Althusser,1918,1918-10-16,1990
George_Grant_(philosopher),1918,1918-11-13,1988
George_Grant_(philosopher),1918,1918-11-13,1988
Debiprasad_Chattopadhyaya,1918,1918-11-19,1993
Alexander_Spirkin,1918,1918-12-24,2004
William_A._Earle,1919,1919,1988
Arild_Haaland,1919,1919,2012
R._M._Hare,1919,1919-03-21,2002
William_H._Poteat,1919,1919-04-19,2000
Albert_Caraco,1919,1919-07-08,1971
Mario_Bunge,1919,1919-09-21,
Morris_Janowitz,1919,1919-10-22,1988
Barbara_Skarga,1919,1919-10-25,2009
P._F._Strawson,1919,1919-11-23,2006
Paul_de_Man,1919,1919-12-06,1983
Irving_Kristol,1920,1920-01-22,2009
Jules_Vuillemin,1920,1920-02-15,2001
J._J._C._Smart,1920,1920-09-16,2012
Philippa_Foot,1920,1920-10-03,2010
Peter_Glassen,1920,1920-10-19,1986
Zeno_Vendler,1921,1921-12-22,2004
Murray_Bookchin,1921,1921-01-14,2006
Antonio_Millán-Puelles,1921,1921-02-11,2005
John_Rawls,1921,1921-02-21,2002
George_Kline,1921,1921-03-03,2014
Milan_Komar,1921,1921-06-04,2006
Walter_Kaufmann_(philosopher),1921,1921-07-01,1980
Paul_Watzlawick,1921,1921-07-25,2007
Paul_Watzlawick,1921,1921-07-25,2007
Raymond_Williams,1921,1921-08-31,1988
Lucien_Jerphagnon,1921,1921-09-07,2011
Lucian_Pye,1921,1921-10-21,2008
William_Alston,1921,1921-11-29,2009
Zeno_Vendler,1921,1921-12-22,2004
Michel_Henry,1922,1922-01-10,2002
John_Hick,1922,1922-01-20,2012
Arnold_Keyserling,1922,1922-02-09,2005
Pierre_Hadot,1922,1922-02-21,2010
Cornelius_Castoriadis,1922,1922-03-11,1997
Karl-Otto_Apel,1922,1922-03-15,
Patrick_Suppes,1922,1922-03-17,2014
Stephen_Toulmin,1922,1922-03-25,2009
Pandhareenathachar_Galagali,1922,1922-07-10,
Thomas_Kuhn,1922,1922-07-18,1996
Sheldon_Wolin,1922,1922-08-04,
Syed_Muhammad_Kaswar_Gardezi,1922,1922-09-06,1993
Imre_Lakatos,1922,1922-11-09,1974
Leslie_Dewart,1922,1922-12-22,2009
André_Gorz,1923,1923-02-09,2007
Antony_Flew,1923,1923-02-11,2010
Jacob_Taubes,1923,1923-02-25,1987
Anna-Teresa_Tymieniecka,1923,1923-02-28,2014
Milan_Kangrga,1923,1923-05-01,2008
Julius_Thomas_Fraser,1923,1923-05-07,2010
Wolfgang_Stegmüller,1923,1923-06-03,1991
Susan_Strange,1923,1923-06-09,1998
Israel_Scheffler,1923,1923-11-25,2014
Richard_Popkin,1923,1923-12-27,2005
Ullin_Place,1924,1924-10-24,2000
Arthur_Danto,1924,1924-01-01,2013
Paul_Feyerabend,1924,1924-01-13,1994
Ramón_Xirau,1924,1924-01-20,
Evald_Ilyenkov,1924,1924-02-18,1979
Joseph_Margolis,1924,1924-05-16,
Kenneth_Waltz,1924,1924-06-08,2013
Kostas_Axelos,1924,1924-06-26,2010
Jean-François_Lyotard,1924,1924-08-10,1998
Gustavo_Bueno,1924,1924-09-01,
Gilbert_Simondon,1924,1924-10-02,1989
Frederick_Sontag,1924,1924-10-02,2009
Ullin_Place,1924,1924-10-24,2000
Maurice_Natanson,1925,1925,1996
Maurice_Natanson,1925,1925,1996
Héctor-Neri_Castañeda,1924,1924-12-13,1991
Mohammad_Ebrahim_Bastani_Parizi,1924,1924-12-24,2014
Maurice_Natanson,1925,1925,1996
Maurice_Natanson,1925,1925,1996
Mujtaba_Musavi_Lari,1925,1925,
Takeshi_Umehara,1925,1925-03-20,
Gilles_Deleuze,1925,1925-01-18,1995
John_B._Cobb,1925,1925-02-09,
Takeshi_Umehara,1925,1925-03-20,
Federico_Riu,1925,1925-05-14,1985
A_Satyanarayana_Shastri,1925,1925-06-02,2004
Yasuo_Yuasa,1925,1925-06-05,2005
Michael_Dummett,1925,1925-06-27,2011
Ivan_Sviták,1925,1925-10-10,1994
Lawrence_A._Cremin,1925,1925-10-31,1990
Růžena_Grebeníčková,1925,1925-11-01,1997
Zygmunt_Bauman,1925,1925-11-19,
Ernest_Gellner,1925,1925-12-09,1995
Geoffrey_Hunter_(logician),1925,1925-12-14,2000
Paul_Kurtz,1925,1925-12-21,2012
Irving_Singer,1925,1925-12-24,2015
Leonardo_Polo,1926,1926-02-01,2013
Syed_Zahoor_Shah_Hashmi,1926,1926-04-21,1978
Peter_G._Ossorio,1926,1926-05-04,2007
Karel_Kosík,1926,1926-06-26,2003
David_Malet_Armstrong,1926,1926-07-08,2014
Hilary_Putnam,1926,1926-07-31,
Herbert_McCabe,1926,1926-08-02,2001
Stanley_Cavell,1926,1926-09-01,
Ivan_Illich,1926,1926-09-04,2002
Michel_Foucault,1926,1926-10-15,1984
Agustín_García_Calvo,1926,1926-10-15,2012
Pino_Rauti,1926,1926-11-19,2012
Horace_Romano_Harré,1927,1927-12-18,
Dieter_Henrich,1927,1927-01-05,
Donald_Brook,1927,1927-01-08,
Juan_Nuño,1927,1927-03-27,1995
Ladislav_Hejdánek,1927,1927-05-10,
David_Stove,1927,1927-09-15,1994
Burton_Dreben,1927,1927-09-27,1999
Leszek_Kołakowski,1927,1927-10-23,2009
James_M._Edie,1927,1927-11-03,1998
Sam_C._Sarkesian,1927,1927-11-07,2011
Horace_Romano_Harré,1927,1927-12-18,
Nicholas_Rescher,1928,1928-07-15,
Mohammed_Arkoun,1928,1928-02-01,2010
Odo_Marquard,1928,1928-02-26,2015
Howard_Kahane,1928,1928-04-19,2001
William_Stringfellow,1929,1929,1985
William_Stringfellow,1929,1929,1985
Arthur_A._Cohen,1928,1928-06-25,1986
Nicholas_Rescher,1928,1928-07-15,
Hameeduddin_Aqil,1928,1928-07-23,2010
Michel_Clouscard,1928,1928-08-06,2009
Kenneth_M._Sayre,1928,1928-08-13,
Mary_Daly,1928,1928-10-16,2010
Klaus_Mollenhauer,1928,1928-10-31,1998
Bernard_Ryosuke_Inagaki,1928,1928-11-27,
Hilail_Gildin,1928,1928-11-28,2015
Noam_Chomsky,1928,1928-12-07,
Grigori_Mints,1939,1939-06-07,2014
Grigori_Mints,1939,1939-06-07,2014
William_Stringfellow,1929,1929,1985
William_Stringfellow,1929,1929,1985
Caesar_E._Farah,1929,1929,2009
Roy_Johnston,1929,1929,
Alasdair_MacIntyre,1929,1929-01-12,
Nel_Noddings,1929,1929-01-19,
Ágnes_Heller,1929,1929-05-12,
Harry_Frankfurt,1929,1929-05-29,
Jürgen_Habermas,1929,1929-06-18,
Adriaan_Theodoor_Peperzak,1929,1929-07-03,
Jean_Baudrillard,1929,1929-07-27,2007
Stanley_Rosen,1929,1929-07-29,2014
Karl-Gottfried_Prasse,1929,1929-08-14,
Newton_da_Costa,1929,1929-09-16,
Bernard_Williams,1929,1929-09-21,2003
Rabey_Hasani_Nadvi,1929,1929-10-01,
Judith_Jarvis_Thomson,1929,1929-10-04,
Annette_Baier,1929,1929-10-11,2012
Hubert_Dreyfus,1929,1929-10-15,
Virginia_Held,1929,1929-10-28,
Wolfgang_Smith,1930,1930,
Robert_Gilpin,1930,1930,
Karim_Mojtahedi,1930,1930,
Roberto_Torretti,1930,1930-02-15,
Eduardo_Rabossi,1930,1930-03-20,2005
Joseph_A._Bracken,1930,1930-03-22,
Bryan_Magee,1930,1930-04-12,
Félix_Guattari,1930,1930-04-30,1992
Luce_Irigaray,1932,1932,
Luce_Irigaray,1932,1932,
Isaac_Levi,1930,1930-06-30,
Radoslav_Katičić,1930,1930-07-03,
Ezra_Vogel,1930,1930-07-11,
Jacques_Derrida,1930,1930-07-15,2004
Darko_Suvin,1930,1930-07-19,
Pierre_Bourdieu,1930,1930-08-01,2002
Michel_Serres,1930,1930-09-01,
Jorge_Ángel_Livraga_Rizzi,1930,1930-09-03,1991
Allan_Bloom,1930,1930-09-14,1992
T._K._Seung,1930,1930-09-20,
Juan_José_Sebreli,1930,1930-11-03,
Ignacio_Ellacuría,1930,1930-11-09,1989
Roderick_MacFarquhar,1930,1930-12-02,
Ivo_Urbančič,1930,1930-12-11,
Frithjof_Bergmann,1930,1930-12-24,
C._J._F._Williams,1930,1930-12-31,1997
Richard_Watson_(philosopher),1931,1931-02-23,
Abdul_Haq_Ansari,1931,1931-01-09,2012
Gonzalo_Arango,1931,1931-01-18,1976
Jawdat_Said,1931,1931-02-09,
Richard_Watson_(philosopher),1931,1931-02-23,
Anthony_Kenny,1931,1931-03-16,
Carl_Cohen,1931,1931-04-30,
Carl_Cohen,1931,1931-04-30,
Jacques_Garelli,1931,1931-06-02,
William_L._Rowe,1931,1931-07-26,2015
Richard_Rorty,1931,1931-10-04,2007
James_Francis_Ross,1931,1931-10-09,2010
Charles_Taylor_(philosopher),1931,1931-11-05,
Ronald_Dworkin,1931,1931-12-11,2013
Guy_Debord,1931,1931-12-28,1994
Muhammad_Yusuf_Ludhianvi,1932,1932,2000
Alastair_Hannay,1932,1932,
Norman_Geisler,1932,1932-07-21,
David_Gauthier,1932,1932-09-10,
Luce_Irigaray,1932,1932,
Luce_Irigaray,1932,1932,
Sayyid_Ghulam_Hussain_Shah_Bukhari,1932,1932,
Umberto_Eco,1932,1932-01-05,
Robert_Anton_Wilson,1932,1932-01-18,2007
Nicholas_Wolterstorff,1932,1932-01-21,
Michael_Martin_(philosopher),1932,1932-02-03,2015
Fazlur_Rahman_Faridi,1932,1932-04-02,2011
Israr_Ahmed,1932,1932-04-26,2010
Richard_J._Bernstein,1932,1932-05-14,
Hedley_Bull,1932,1932-06-10,1985
Tahir_Allauddin_Al-Qadri_Al-Gillani,1932,1932-06-18,1991
Yusuf_Islahi,1932,1932-07-09,
Norman_Geisler,1932,1932-07-21,
John_Searle,1932,1932-07-31,
David_Gauthier,1932,1932-09-10,
Philip_Green_(author),1932,1932-10-06,
Alvin_Plantinga,1932,1932-11-15,
Fred_Dretske,1932,1932-12-09,2013
Ruth_Millikan,1933,1933,
Reza_Davari_Ardakani,1933,1933,
Ted_Honderich,1933,1933-01-30,
Hossein_Nasr,1933,1933-04-07,
James_Griffin_(philosopher),1933,1933-07-08,
Antonio_Negri,1933,1933-08-01,
Muzaffar_Warsi,1933,1933-12-20,2011
Theodore_Drange,1934,1934,
Don_Ihde,1934,1934,
David_Orton_(deep_ecology),1934,1934-01-06,2011
Fredric_Jameson,1934,1934-04-14,
Etienne_Vermeersch,1934,1934-05-02,
György_Márkus,1934,1934-05-13,
Futa_Helu,1934,1934-06-17,2010
Susan_George_(political_scientist),1934,1934-06-29,
Jaegwon_Kim,1934,1934-09-12,
Sarah_Kofman,1934,1934-09-14,1994
Bernard_Gert,1934,1934-10-16,2011
Evandro_Agazzi,1934,1934-10-23,
Dewi_Zephaniah_Phillips,1934,1934-11-24,2006
Sissela_Bok,1934,1934-12-02,
Enrique_Dussel,1934,1934-12-24,
Richard_Swinburne,1934,1934-12-26,
Nasim_al-Safarjalani,1935,1935,1994
Eleanor_Duckworth,1935,1935,
György_Mihály_Vajda,1935,1935,
Jerry_Fodor,1935,1935,
Estanislao_Zuleta,1935,1935-02-03,1990
Michael_Walzer,1935,1935-03-03,
Sandra_Harding,1935,1935-03-29,
Robert_I._Rotberg,1935,1935-04-11,
Sandra_Bartky,1935,1935-05-05,
Dimitri_Kitsikis,1935,1935-06-02,
Peter_Achinstein,1935,1935-06-30,
Hubert_Schleichert,1935,1935-07-30,
Dallas_Willard,1935,1935-09-04,2013
Abdullah_Quraishi_Al-Azhari,1935,1935-09-19,
Ernesto_Laclau,1935,1935-10-06,2014
Edward_Said,1935,1935-11-01,2003
Frederick_T._Melges,1935,1935-12-02,1988
Richard_Sylvan,1935,1935-12-13,1996
Khalid_Masud,1935,1935-12-16,2003
Mohammed_Abed_al-Jabri,1935,1935-12-27,2010
Roger_Haight,1936,1936,
Jan_Narveson,1936,1936,
Ted_Robert_Gurr,1936,1936,
Dimitris_Dimitrakos,1936,1936,
Gianni_Vattimo,1936,1936-01-04,
Ian_Hacking,1936,1936-02-18,
R._Kent_Greenawalt,1936,1936-06-25,
Nicos_Poulantzas,1936,1936-09-21,1979
Mario_Costa_(philosopher),1936,1936-12-07,
Thomas_E._Hill_(academic),1937,1937,
Peter_Kreeft,1937,1937-03-16,
Syed_Qazi_Muzainul_Haq,1937,1937,2013
Arthur_Fine,1937,1937,
Mario_Vegetti,1937,1937-01-04,
Alain_Badiou,1937,1937-01-17,
Peter_Kreeft,1937,1937-03-16,
D._G._Leahy,1937,1937-03-20,2014
Barbara_Aland,1937,1937-04-12,
Hélène_Cixous,1937,1937-06-05,
André_Glucksmann,1937,1937-06-19,
François_Laruelle,1937,1937-08-22,
Dominique_Janicaud,1937,1937-11-14,2002
Michael_Devitt,1938,1938,
Nooruddeen_Durkee,1938,1938,
David_John_Farmer,1938,1938,
Ivan_Soll,1938,1938,
William_E._Connolly,1938,1938-01-06,
Howard_Adelman,1938,1938-01-07,
Beata_Szymańska,1938,1938-01-29,
Syed_Mahmood_Khundmiri,1938,1938-02-14,2011
Ann_Ferguson,1938,1938-03-06,
James_D._McCawley,1938,1938-03-30,1999
David_B._Zilberman,1938,1938-05-25,1977
Lawrence_Sklar,1938,1938-06-25,
Justin_Leiber,1938,1938-07-10,
Keith_Ward,1938,1938-08-22,
Robert_Nozick,1938,1938-11-16,2002
Shah_Abdul_Hannan,1939,1939,
David_A._Kolb,1939,1939,
William_Leiss,1939,1939,
Kendall_Walton,1939,1939,
Stefan_Sarnowski,1939,1939,
Alan_M._Olson,1939,1939-01-07,
George_Marsden,1939,1939-02-25,
Tibor_R._Machan,1939,1939-03-18,
Joseph_Raz,1939,1939-03-21,
Grigori_Mints,1939,1939-06-07,2014
Grigori_Mints,1939,1939-06-07,2014
Peter_Hacker,1939,1939-07-15,
David_Ray_Griffin,1939,1939-08-08,
Talib_Jauhari,1939,1939-08-27,
Clément_Rosset,1939,1939-10-12,
Jane_Mansbridge,1939,1939-11-19,
Ferdinand_Fellmann,1939,1939-12-14,
Vivian_Cook_(academic),1940,1940-06-13,
Jacques_Rancière,1940,1940,
George_Ritzer,1940,1940,
John_Grinder,1940,1940-01-10,
Serge_Latouche,1940,1940-01-12,
Hamid_Bin_Ahmad_Al-Rifaie,1940,1940-02-09,
Michael_J._Shapiro,1940,1940-02-16,
Philippe_Lacoue-Labarthe,1940,1940-03-06,2007
Giovanni_Piana,1940,1940-04-05,
Bettina_Baumer,1940,1940-04-12,
Richard_Mouw,1940,1940-04-22,
Sadegh_Malek_Shahmirzadi,1940,1940-04-24,
Vivian_Cook_(academic),1940,1940-06-13,
Ernest_Sosa,1940,1940-06-17,
Michael_Ruse,1940,1940-06-21,
Jean-Luc_Nancy,1940,1940-07-26,
John_A._Leslie,1940,1940-08-02,
Hans_Kamp,1940,1940-09-05,
Kenneth_Binmore,1940,1940-09-27,
Claudia_Card,1940,1940-09-30,2015
Takis_Fotopoulos,1940,1940-10-14,
John_D._Caputo,1940,1940-10-26,
Saul_Kripke,1940,1940-11-13,
Martin_J._H._Mogridge,1940,1940-12-02,2000
"H._Tristram_Engelhardt,_Jr.",1941,1941,
Paul_Gottfried,1941,1941,
Randall_Collins,1941,1941,
Terrell_Ward_Bynum,1941,1941,
Eric_Ormsby,1941,1941,
Syed_Shujaat_Ali_Qadri,1941,1941,1993
Syed_Shujaat_Ali_Qadri,1941,1941,1993
Edward_F._Mooney,1941,1941,
Lambros_Couloubaritsis,1941,1941,
Bolívar_Echeverría,1941,1941-01-31,2010
Jean-François_Mattéi,1941,1941-03-09,2014
Joxe_Azurmendi,1941,1941-03-19,
Bas_van_Fraassen,1941,1941-04-05,
Gerald_Cohen,1941,1941-04-14,2009
José_Guilherme_Merquior,1941,1941-04-22,1991
Fethullah_Gülen,1941,1941-04-27,
Dorothy_Edgington,1941,1941-04-29,
John_Foster_(philosopher),1941,1941-05-05,2009
L._W._Sumner,1941,1941-05-18,
James_Rachels,1941,1941-05-30,2003
David_R._Segal,1941,1941-06-22,
Julia_Kristeva,1941,1941-06-24,
Thomas_Sheehan,1941,1941-06-25,
Mark_Poster,1941,1941-07-05,2012
David_Lewis_(philosopher),1941,1941-09-28,2001
Werner_Krieglstein,1941,1941-10-31,
James_Axtell,1941,1941-12-20,
Lex_Hixon,1941,1941-12-25,1995
Duncan_Kennedy_(legal_philosopher),1942,1942,
John_McDowell,1942,1942-03-07,
Byram_D._Avari,1942,1942,
Jorge_J._E._Gracia,1942,1942,
Ahmed_bin_Hamad_al-Khalili,1942,1942,
George_Pappas,1942,1942,
Françoise_Dastur,1942,1942,
Ned_Block,1942,1942,
Michael_Krausz,1942,1942,
Allen_W._Wood,1942,1942,
Abu_Abd_al-Rahman_Ibn_Aqil_al-Zahiri,1942,1942,
Augusto_Ponzio,1942,1942-02-17,
Stanley_Cohen_(sociologist),1942,1942-02-23,2013
Gayatri_Chakravorty_Spivak,1942,1942-02-24,
Tom_Rockmore,1942,1942-03-04,
John_McDowell,1942,1942-03-07,
Daniel_Dennett,1942,1942-03-28,
Albert_M._Wolters,1942,1942-03-30,
Giorgio_Agamben,1942,1942-04-22,
Étienne_Balibar,1942,1942-04-23,
Kazem_Sadegh-Zadeh,1942,1942-04-23,
Dimitris_Liantinis,1942,1942-07-23,1998
Robert_C._Solomon,1942,1942-09-14,2007
Paul_Churchland,1942,1942-10-21,
Chris_Harman,1942,1942-11-08,2009
Anna_G._Jónasdóttir,1942,1942-12-02,
Derek_Parfit,1942,1942-12-11,
Crispin_Wright,1942,1942-12-21,
Derek_Corneil,1942,1942-12-27,
Allan_Gotthelf,1942,1942-12-30,2013
Fazlul_Haque_Amini,1945,1943,2012
Fazlul_Haque_Amini,1945,1943,2012
Martha_Albertson_Fineman,1943,1943,
John_Zerzan,1943,1943,
Cas_Wouters,1943,1943,
Delia_Steinberg_Guzmán,1943,1943-01-07,
Michael_Henry_Heim,1943,1943-01-21,2012
Muhammad_al-Tijani,1943,1943-02-02,
Terry_Eagleton,1943,1943-02-22,
François_Zourabichvili,1943,1943-03-10,2006
Andrew_Brook,1943,1943-03-17,
Costanzo_Preve,1943,1943-04-14,2013
Michael_Levin,1943,1943-05-21,
Angelo_Codevilla,1943,1943-05-25,
Nina_Karin_Monsen,1943,1943-05-29,
Douglas_Kellner,1943,1943-05-31,
Chantal_Mouffe,1943,1943-06-17,
Patricia_Churchland,1943,1943-07-16,
Panagiotis_Kondylis,1943,1943-08-17,1998
Rosalind_Hursthouse,1943,1943-11-10,
Alain_de_Benoist,1943,1943-12-11,
Guy_Hocquenghem,1946,1946-12-03,1988
Guy_Hocquenghem,1946,1946-12-03,1988
Philip_Culbertson,1944,1944,
Taha_Abdurrahman,1944,1944,
Nancy_Cartwright_(philosopher),1944,1944-01-24,
Gilles_Châtelet,1944,1944-02-02,1999
William_Hare_(philosopher),1944,1944-02-07,
Y._Michal_Bodemann,1944,1944-03-09,
Victor_Kanke,1944,1944-04-29,
Ralph_C._S._Walker,1944,1944-06-02,
Harald_Wohlrapp,1944,1944-06-06,
Fred_Evans_(philosopher),1944,1944-06-06,
Norman_P._Barry,1944,1944-06-25,2008
Simon_Blackburn,1944,1944-07-12,
Helen_Longino,1944,1944-07-13,
R._A._W._Rhodes,1944,1944-08-15,
Lorenzo_Peña,1944,1944-08-29,
Philip_Pettit,1945,1945,
Bob_Hale_(philosopher),1945,1945,
Ira_Shor,1945,1945,
Peter_Lamborn_Wilson,1945,1945,
Abdolkarim_Soroush,1945,1945-12-16,
Susan_Haack,1945,1945,
Jean-Michel_Berthelot,1945,1945,2006
Peter_Wenz,1945,1945,
Rada_Iveković,1945,1945,
John_Allen_Williams,1945,1945,
Allaedin_Ghoraifi,1945,1945,
Allaedin_Ghoraifi,1945,1945,
Jeremy_Rifkin,1946,1946-01-26,
Jeremy_Rifkin,1946,1946-01-26,
Rune_Slagstad,1945,1945-02-22,
Manfred_Frank,1945,1945-03-22,
Marilyn_Friedman,1945,1945-04-07,
Yaşar_Nuri_Öztürk,1945,1945-06-22,
Yellapragada_Sudershan_Rao,1945,1945-08-05,
Benny_Lévy,1945,1945-08-28,2003
Sakya_Trizin,1945,1945-09-07,
Miguel_Ángel_Garrido_Gallardo,1945,1945-09-07,
William_Lycan,1945,1945-09-26,
Abdolkarim_Soroush,1945,1945-12-16,
Thubten_Zopa_Rinpoche,1946,1946,
Raimond_Gaita,1946,1946,
Alexander_Nehamas,1946,1946-03-22,
Mike_Davis_(scholar),1946,1946,
Raymond_Geuss,1946,1946-12-10,
David_Wood_(philosopher),1946,1946,
Jeremy_Rifkin,1946,1946-01-26,
Jeremy_Rifkin,1946,1946-01-26,
Alexander_Nehamas,1946,1946-03-22,
Daniel_Bensaïd,1946,1946-03-25,2010
Jonathan_Dancy,1946,1946-05-08,
David_Marsh_(political_scientist),1946,1946-06-27,
Jean-Luc_Marion,1946,1946-07-03,
Peter_Singer,1946,1946-07-06,
Susan_Moller_Okin,1946,1946-07-19,2004
Predrag_Finci,1946,1946-08-05,
John_Arthur_(philosopher),1946,1946-09-22,2007
Claude_Vorilhon,1946,1946-09-30,
Susan_Saegert,1946,1946-10-12,
Jane_Heal,1946,1946-10-21,
Guy_Hocquenghem,1946,1946-12-03,1988
Guy_Hocquenghem,1946,1946-12-03,1988
Peter_W._Schramm,1946,1946-12-23,2015
Alex_Battler,1946,1946-12-10,
Raymond_Geuss,1946,1946-12-10,
Peter_W._Schramm,1946,1946-12-23,2015
John_Mearsheimer,1947,1947-12-14,
Adriana_Cavarero,1947,1947,
Louis_Michael_Seidman,1947,1947,
Roberta_Klatzky,1947,1947-01-06,
Roberta_Klatzky,1947,1947-01-06,
Wlodek_Rabinowicz,1947,1947-01-14,
Pir_Hadi_Abdul_Mannan,1947,1947-01-15,
Marcel_Paquet,1947,1947-02-21,2014
Boris_Groys,1947,1947-03-19,
Roberto_Mangabeira_Unger,1947,1947-03-24,
Nadežda_Čačinovič,1947,1947-04-01,
Timo_Airaksinen,1947,1947-04-25,
Olavo_de_Carvalho,1947,1947-04-29,
Martha_Nussbaum,1947,1947-05-06,
Robert_T._Craig,1947,1947-05-10,
John_Broome_(philosopher),1947,1947-05-17,
Nancy_Fraser,1947,1947-05-20,
Goran_Švob,1947,1947-05-29,2013
Peter_Sloterdijk,1947,1947-06-26,
Samuel_Edward_Konkin_III,1947,1947-07-08,2004
Rémi_Brague,1947,1947-09-08,
Karen_J._Warren,1947,1947-09-10,
Gillian_Rose,1947,1947-09-20,1995
David_Gooding,1947,1947-11-21,2009
Ramkrishna_Bhattacharya,1947,1947-12-10,
John_Mearsheimer,1947,1947-12-14,
James_Burk,1948,1948,
Arran_Gare,1948,1948,
Eviatar_Zerubavel,1948,1948,
Carlo_Penco,1948,1948,
Graham_Priest,1948,1948,
Galen_Johnson,1948,1948,
Roger_Cribb,1948,1948-01-06,2007
Sarfraz_Ahmed_Naeemi,1948,1948-02-16,2009
Jay_Newman,1948,1948-02-28,2007
Serge_Tisseron,1948,1948-03-08,
J._P._Moreland,1948,1948-03-09,
Bracha_L._Ettinger,1948,1948-03-23,
John_Gray_(philosopher),1948,1948-04-17,
Patricia_Hill_Collins,1948,1948-05-01,
Peggy_Phelan,1948,1948-06-12,
Daniel_James_(historian),1948,1948-08-08,
John_Bonvillian,1948,1948-09-04,
Robert_B._Pippin,1948,1948-09-14,
Hans_Köchler,1948,1948-10-18,
Antanas_Andrijauskas,1948,1948-11-03,
Bernard-Henri_Lévy,1948,1948-11-05,
Hans_Joas,1948,1948-11-27,
G._M._Tamás,1948,1948-11-28,
Arda_Denkel,1949,1949-07-06,2000
Philippe_Descola,1949,1949,
Alain_Borer,1949,1949,
Neven_Sesardić,1949,1949-07-30,
Homi_K._Bhabha,1949,1949,
Modjtaba_Sadria,1949,1949,
Kasim_Muhammad_Taqi_al-Sahlani,1949,1949,2009
Ljubodrag_Simonović,1949,1949-01-01,
Iris_Marion_Young,1949,1949-01-02,2006
Slavoj_Žižek,1949,1949-03-21,
Christopher_Hitchens,1949,1949-04-13,2011
Christopher_W._Morris,1949,1949-06-07,
Alain_Finkielkraut,1949,1949-06-30,
Arda_Denkel,1949,1949-07-06,2000
Axel_Honneth,1949,1949-07-18,
Neven_Sesardić,1949,1949-07-30,
William_Lane_Craig,1949,1949-08-23,
R._Radhakrishnan,1949,1949-10-28,
Irfan_Abidi,1950,1950,1998
Irfan_Abidi,1950,1950,1998
Irfan_Abidi,1950,1950,1998
Irfan_Abidi,1950,1950,1998
John_Mohammed_Butt,1950,1950,
Robert_J._C._Young,1950,1950,
Michele_Marsonet,1950,1950,
Roberto_Esposito,1950,1950,
Paul_R._Patton,1950,1950,
Barnett_Rubin,1950,1950-01-10,
Robert_S._Corrington,1950,1950-05-30,
Richard_Tarnas,1950,1950-02-21,
Rebecca_Goldstein,1950,1950-02-23,
Robert_Brandom,1950,1950-03-13,
Harvey_Brown_(philosopher),1950,1950-04-04,
David_Judge,1950,1950-05-22,
Robert_S._Corrington,1950,1950-05-30,
Drucilla_Cornell,1950,1950-06-16,
Alex_Callinicos,1950,1950-07-24,
Robert_J._Marks_II,1950,1950-08-25,
Béatrice_Longuenesse,1950,1950-09-06,
Paul_Thagard,1950,1950-09-28,
Paul_Thagard,1950,1950-09-28,
Alexander_N._Chumakov,1950,1950-10-01,
Amelia_Valcarcel,1950,1950-11-16,
Denis_Lerrer_Rosenfield,1950,1950-11-21,
Robert_E._Goodin,1950,1950-11-30,
Muhammad_Farooq_Khan,1956,1951,2010
Muhammad_Farooq_Khan,1956,1951,2010
Patricia_M._Shields,1951,1951,
Nathan_Salmon,1951,1951-01-02,
Bob_Black,1951,1951-01-04,
Wiebe_Bijker,1951,1951-03-19,
Javed_Ahmad_Ghamidi,1952,1952-04-07,
Javed_Ahmad_Ghamidi,1952,1952-04-07,
Michèle_Pujol,1951,1951-04-20,1997
Philippe_Van_Parijs,1951,1951-05-23,
François_Jullien,1951,1951-06-02,
John_James_Ketterer,1951,1951-06-15,
Hamid_Dabashi,1951,1951-06-15,
Kevin_Mulligan,1951,1951-06-23,
Lev_Kreft,1951,1951-09-15,
Charlotte_Witt,1951,1951-09-27,
Shannon_C._Stimson,1951,1951-10-08,
Christine_Korsgaard,1952,1952,
Manuel_DeLanda,1952,1952,
Charles_Taliaferro,1952,1952-08-25,
Paolo_Virno,1952,1952,
Claudine_Tiercelin,1952,1952-06-02,
S._N._Balagangadhara,1952,1952-01-03,
Joseph_Levine_(philosopher),1952,1952-01-17,
Peter_Vallentyne,1952,1952-03-25,
Bernard_Stiegler,1952,1952-04-01,
Javed_Ahmad_Ghamidi,1952,1952-04-07,
Javed_Ahmad_Ghamidi,1952,1952-04-07,
Avital_Ronell,1952,1952-04-15,
Claudine_Tiercelin,1952,1952-06-02,
José_Luis_Lezama,1952,1952-06-04,
Jonathan_D._Moreno,1952,1952-06-11,
Peter_Carruthers_(philosopher),1952,1952-06-16,
Patrick_Dunleavy,1952,1952-06-21,
Charles_Taliaferro,1952,1952-08-25,
Amina_Wadud,1952,1952-09-25,
Francis_Fukuyama,1952,1952-10-27,
David_Graddol,1953,1953,
Catherine_Keller_(theologian),1953,1953,
Michael_J._Sandel,1953,1953-03-05,
Clive_Hamilton,1953,1953-03-12,
Sergei_Starostin,1953,1953-03-24,2005
Norbert_Bolz,1953,1953-04-17,
Dada_Maheshvarananda,1953,1953-05-11,
Cornel_West,1953,1953-06-02,
Thomas_Pogge,1953,1953-08-13,
Jeremy_Waldron,1953,1953-10-13,
Laurie_Shrage,1953,1953-12-04,
Muhammad_Akbar,1954,1954-11-07,2000
Salman_Husaini_Nadwi,1954,1954,
Pascal_Engel,1954,1954-01-17,
Anthony_Weston,1954,1954,
Pascal_Engel,1954,1954-01-17,
John_Joseph_Haldane,1954,1954-02-19,
Miško_Šuvaković,1954,1954-02-24,
Maria_Baghramian,1954,1954-03-21,
Kwame_Anthony_Appiah,1954,1954-05-08,
P._K._Pokker,1954,1954-06-01,
Patrick_J._Monahan,1954,1954-06-10,
Helmut_Wautischer,1954,1954-06-15,
Susan_Hurley,1954,1954-09-16,2007
Rosi_Braidotti,1954,1954-09-28,
Peter_Lipton,1954,1954-10-09,2007
Leonard_Lawlor,1954,1954-11-02,
Natalia_Magnat,1954,1954-11-05,1997
Muhammad_Akbar,1954,1954-11-07,2000
Laurence_A._Rickels,1954,1954-12-02,
Gary_Peller,1955,1955,
Mir_Tanha_Yousafi,1955,1955-01-01,
Scott_Sagan,1955,1955,
Mookie_Tenembaum,1955,1955,
David_Schmidtz,1955,1955,
Abdur_Rahman_(Islamic_scholar),1955,1955,
Abdur_Rahman_(Islamic_scholar),1955,1955,
Renaud_Barbaras,1955,1955,
Gerry_Stoker,1955,1955-02-04,
Susan_Neiman,1955,1955-03-27,
Stephen_Walt,1955,1955-07-02,
Timothy_Williamson,1955,1955-08-06,
Wendy_Brown_(political_scientist),1955,1955-11-28,
Brian_Massumi,1956,1956,
Norbert_Schmitt,1956,1956-11-10,
Mostafa_Malekian,1956,1956-01-01,
Éric_Geoffroy,1956,1956,
Judith_Butler,1956,1956-02-24,
Karen_Barad,1956,1956-04-29,
Nijaz_Ibrulj,1956,1956-07-02,
Matti_Häyry,1956,1956-09-20,
Fred_Landman,1956,1956-10-28,
Norbert_Schmitt,1956,1956-11-10,
Stephen_A._Webb,1956,1956-11-28,
Mauro_Carbone,1956,1956-12-08,
Jaroslav_Peregrin,1957,1957,
Andy_Clark,1957,1957,
Lauren_Berlant,1957,1957,
Douglas_Groothuis,1957,1957-01-03,
Karen_A._Cerulo,1957,1957,
Douglas_Groothuis,1957,1957-01-03,
Peter_Ludlow,1957,1957-01-16,
Ray_Monk,1957,1957-02-15,
Jane_Bennett_(political_theorist),1957,1957-07-31,
Brad_Hooker,1957,1957-09-13,
Ricardo_Forster,1957,1957-09-26,
Kuruvilla_Pandikattu,1957,1957-11-28,
Mahmoud_Mehrmohammadi,1958,1958,
James_Giles_(philosopher),1958,1958,
Étienne_Klein,1958,1958-04-01,
Mohammad_Ilkhani,1958,1958,
Hafiz_Akif_Saeed,1958,1958-01-02,
Stephen_Neale,1958,1958-01-09,
Hent_de_Vries,1958,1958-02-24,
Alexander_Tarasov,1958,1958-03-08,
Thomas_Metzinger,1958,1958-03-12,
Étienne_Klein,1958,1958-04-01,
Boris_Kagarlitsky,1958,1958-08-29,
Annemarie_Mol,1958,1958-09-13,
Amina_Mama,1958,1958-09-19,
Masahiro_Morioka,1958,1958-09-25,
Michel_Onfray,1959,1959-01-01,
Byung-Chul_Han,1959,1959,
Catherine_Malabou,1959,1959,
Elena_Oznobkina,1959,1959-04-25,2010
Elena_Oznobkina,1959,1959-04-25,2010
Mohsen_Kadivar,1959,1959-06-08,
Matthew_Kramer,1959,1959-06-09,
Jonathan_Wolff_(philosopher),1959,1959-06-25,
Yvanka_B._Raynova,1959,1959-10-16,
Martin_Kusch,1959,1959-10-19,
Jesús_Padilla_Gálvez,1959,1959-10-28,
Zoltán_Dörnyei,1960,1960-03-11,
Mylan_Engel,1960,1960,
Francis_J._Beckwith,1960,1960,
Justin_Oakley,1960,1960,
Michael_Hardt,1960,1960,
Stephen_Hicks,1960,1960-08-19,
Kim_Sawchuk,1960,1960,
Ja'afar_Mahmud_Adam,1960,1960-02-12,2007
Simon_Critchley,1960,1960-02-27,
Zoltán_Dörnyei,1960,1960-03-11,
Vittorio_Hösle,1960,1960-06-25,
Stephen_Hicks,1960,1960-08-19,
Graham_Oppy,1960,1960-10-06,
Philippe_Sands,1960,1960-10-17,
Keith_Ansell-Pearson,1960,1960-11-11,
Mohammad_Mansoornejad,1961,1961,
Liu_Junning,1961,1961,
Sandra_Laugier,1961,1961,
Rae_Helen_Langton,1961,1961,
Gregg_Lambert,1961,1961-08-08,
Roger_Crisp,1961,1961-03-23,
Lorella_Cedroni,1961,1961-05-24,2013
Craig_Bartholomew,1961,1961-08-03,
Gregg_Lambert,1961,1961-08-08,
McKenzie_Wark,1961,1961-09-10,
Rein_Raud,1961,1961-12-21,
Stephen_Mulhall,1962,1962,
Lewis_Gordon,1962,1962,
Will_Kymlicka,1962,1962,
Renata_Salecl,1962,1962,
Robert_Stern_(philosopher),1962,1962,
Muhammad_Tahir,1962,1962-03-21,
Aleksandr_Dugin,1962,1962-01-07,
Nick_Land,1962,1962-01-17,
Muhammad_Tahir,1962,1962-03-21,
Tariq_Ramadan,1962,1962-08-26,
Paul_Copan,1962,1962-09-26,
Claudio_Canaparo,1962,1962-10-07,
Lori_Gruen,1962,1962-10-30,
Bijan_Abdolkarimi,1963,1963,
Mark_Bevir,1963,1963,
Mark_Kingwell,1963,1963-03-01,
Anthony_Beavers,1963,1963-05-08,
Mark_Alan_Walker,1963,1963-06-22,
Robert_Vrbnjak,1963,1963-06-30,
Kiarina_Kordela,1963,1963-07-13,
Pascal_Etcheber,1963,1963-08-02,
Julian_Savulescu,1963,1963-12-22,
Ian_Rumfitt,1964,1964,
Massimo_Pigliucci,1964,1964-01-16,
Roderick_T._Long,1964,1964-02-04,
Duran_Çetin,1964,1964-02-15,
Duran_Çetin,1964,1964-02-15,
Martin_van_Hees,1964,1964-07-26,
Luciano_Floridi,1964,1964-11-16,
Richard_David_Precht,1964,1964-12-08,
Simon_Glendinning,1964,1964-12-13,
Ulla_Wessels,1965,1965,
Bryan_Reynolds,1965,1965,
Ray_Brassier,1965,1965,
Johan_Braeckman,1965,1965,
Javier_Gomá,1965,1965,
Jean-Yves_Béziau,1965,1965-01-15,
Mario_Kopić,1965,1965-03-13,
Desidério_Murcho,1965,1965-05-18,
Stephen_Mumford,1965,1965-07-31,
Peg_O'Connor,1965,1965-10-06,
Karen_Alter,1965,1965-10-23,
Gregory_Loewen,1966,1966-01-31,
Nader_El-Bizri,1966,1966,
John_Armstrong_(British_writer/philosopher),1966,1966,
Peter_Boghossian,1966,1966,
Gregory_Loewen,1966,1966-01-31,
Mario_Javier_Saban,1966,1966-02-12,
Phillip_Blond,1966,1966-03-01,
David_Chalmers,1966,1966-04-20,
Hector_Zagal,1966,1966-06-06,
Oleg_Khoma,1966,1966-10-30,
Gary_Chartier,1966,1966-12-30,
Alice_Crary,1967,1967,
Judith_Kelley,1967,1967-04-16,
Quentin_Meillassoux,1967,1967,
Vojin_Rakić,1967,1967-02-01,
Vojin_Rakić,1967,1967-02-01,
Judith_Kelley,1967,1967-04-16,
Jeff_Stilwell,1967,1967-06-21,
Mattias_Kumm,1967,1967-08-15,
Ady_Jean-Gardy,1967,1967-09-15,
Dan_Zahavi,1967,1967-11-06,
Edward_Feser,2014,1968,
Edward_Feser,2014,1968,
Robert_Maximilian_de_Gaynesford,1968,1968-01-02,
James_Otteson,1968,1968-06-19,
Iain_Thomson,1968,1968,
Robert_Maximilian_de_Gaynesford,1968,1968-01-02,
Jeremy_Avigad,1968,1968-01-09,
Graham_Harman,1968,1968-05-09,
Alexey_Kylasov,1968,1968-05-09,
Paul_Dolan_(academic),1968,1968-05-10,
Timothy_Morton,1968,1968-06-19,
James_Otteson,1968,1968-06-19,
Christoph_Luetge,1969,1969-11-10,
Kathryn_Norlock,1969,1969,
Erin_Manning_(theorist),1969,1969-02-01,
Grace_Ji-Sun_Kim,1969,1969-05-04,
Federico_Ferrari,1969,1969-09-15,
Christoph_Luetge,1969,1969-11-10,
Michael_Huemer,1969,1969-12-27,
Berit_Brogaard,1970,1970-08-28,
Gualtiero_Piccinini,1970,1970-11-11,
Danielle_Allen,1971,1971,
Eoin_Ó_Broin,1972,1972,
Chris_Bateman,1972,1972-01-01,
Pavel_Gregorić,1972,1972-04-03,
Joanne_Faulkner,1972,1972-04-14,
Austin_Dacey,1972,1972-04-19,
Alexander_Pruss,1973,1973-01-05,
Peter_Rollins,1973,1973-03-31,
Sadat_Husaini,1973,1973-06-07,
Ilgar_Ibrahimoglu,1973,1973-11-05,
Sabine_Carey,1974,1974,
Faraz_Rabbani,1974,1974,
Giles_Hooper,1974,1974,
Susanna_Schellenberg,1974,1974-01-11,
Séverine_Deneulin,1974,1974-01-15,
Anine_Kierulf,1974,1974-03-03,
Tim_Lewens,1974,1974-06-29,
Damon_Young,1975,1975,
Constantine_Sandis,1976,1976-10-01,
Martin_Hägglund,1976,1976-11-23,
Anthony_Metivier,1977,1977-02-27,
Alasdair_Cochrane,1978,1978,
Douglas_Kutach,1979,1979-11-25,
Douglas_Kutach,1979,1979-11-25,
Carson_Cistulli,1979,1979-12-23,
Benedict_Beckeld,1980,1980-01-16,
Markus_Gabriel,1980,1980-04-06,
Michael_Marder,1980,1980-05-03,
Jason_Silva,1982,1982-02-06,
Srećko_Horvat,1983,1983-02-28,
Julia_Galef,1983,1983-07-04,
Maarten_Boudry,1984,1984-08-15,
Idriss_Aberkane,1986,1986,
Leonardo_Caffo,1988,1988-11-22,
Leonardo_Caffo,1988,1988-11-22,
Nedim_Jahić,1989,1989-02-02,
Thales,-624,-624,-546
Thales,-624,-624,-546
Thales,-624,-624,-546
Thales,-624,-624,-546
Pythagoras,-570,-570,-495
Confucius,-551,-551-09-28,-479
Confucius,-551,-551-09-28,-479
Heraclitus,-535,-535,-475
Parmenides,-515,-515,-460
Empedocles,-490,-490,-430
Protagoras,-490,-490,-420
Zeno_of_Elea,-490,-490,-430
Gorgias,-485,-487,-380
Gorgias,-485,-487,-380
Socrates,-470,-470,-399
Socrates,-470,-470,-399
Mozi,-470,-470,-391
Democritus,-460,-460,-370
Antisthenes,-445,-445,-365
Aristippus,-435,-435,-356
Archytas,-428,-428,-347
Plato,-428,-428,-348
Plato,-428,-428,-348
Plato,-428,-428,-348
Plato,-428,-428,-348
Speusippus,-408,-408,0339
Zoilus,-400,-400,-320
Xenocrates,-396,-396,0314
Xenocrates,-396,-396,0314
Shen_Dao,-350,-395,-275
Shen_Dao,-350,-395,-275
Shen_Dao,-350,-395,-275
Shen_Dao,-350,-395,-275
Mencius,-372,-372,-289
Theophrastus,-371,-371,-287
Zhuang_Zhou,-369,-369,-286
Pyrrho,-360,-360,-270
Epicurus,-341,-341,-270
Zeno_of_Citium,-334,-334,-262
Metrodorus_of_Lampsacus_(the_younger),-331,-331,0278
Metrodorus_of_Lampsacus_(the_younger),-331,-331,0278
Cleanthes,-330,-330,-230
Arcesilaus,-316,-316,0241
Arcesilaus,-316,-316,0241
Carneades,-214,-214,-128
Carneades,-214,-214,-128
Carneades,-214,-214,-128
Carneades,-214,-214,-128
Panaetius,-185,-185,0110
Panaetius,-185,-185,0110
Posidonius,-135,-135,-051
Philodemus,-110,-110,0040
Seneca_the_Younger,-004,-004,0065
